Index,Filter,Short Name,CSV Column,Entry Group,OO Filter,TB Filter,TV Filter,Entry Filter,Report V1,Report Heatmap,Threshold Analysis Default Report,Section,Filter Type,TB Field,TB Table,TB Notes,OO Parameters,OO Notes,Implication,Computation,tool_tip_info
1,VIX Prior Close,VIX PrC,VIX_Close,A: Volatility,FALSE,TRUE,,TRUE,TRUE,TRUE,FALSE,Market Conditions - VIX,continuous,VIX_Close / VIX_Open,market.daily (VIX),VIX_Close = prior day (lag); VIX_Open = same day,Min VIX Threashold,VIX regime filter,"Near-redundant with ATR, RV20, Vol_Regime (r > 0.87). Pick one representative.",,"VIX index close on the prior trading day. Level gauge for broad-market implied vol at entry. Calc: prior-day VIX close (t-1).

Top correlates: VIX_High 0.99, VIX_Low 0.99, VIX_Open 0.98."
2,VIX Trade Open,VIX Trade,VIX_Trade,A: Volatility,TRUE,TRUE,,TRUE,TRUE,TRUE,FALSE,Market Conditions - VIX,continuous,VIX_Close / VIX_Open,market.daily (VIX),VIX_Close = prior day (lag); VIX_Open = same day,Min VIX Threashold,VIX regime filter,"Near-redundant with ATR, RV20, Vol_Regime (r > 0.87). Pick one representative.",,"Prior-day VIX open — proxy for VIX level at entry before the bar closes. Calc: VIX daily open, prior session. Largely interchangeable with VIX_Close for entry-level filtering."
3,VIX O/N Move,VIX O/N,VIX_Gap_Pct,G: VIX Event,TRUE,TRUE,,TRUE,TRUE,TRUE,FALSE,Market Conditions - VIX,continuous,VIX_Gap_Pct,market.daily (VIX),Open-known same day,Points or % change,Prior 4:15 PM close -> current open,Low correlation with VIX level (r ~0.21). Captures transient overnight dislocations.,,VIX overnight % change (VIX open vs prior close). OO's 'VIX Move Down / Move Up' entry filter maps directly here. Calc: (VIX_Open − VIX_prev_Close) / VIX_prev_Close × 100.
4,VIX at Trade Entry Time,VIX@Entry,VIX_at_Entry,A: Volatility,TRUE,TRUE,,TRUE,TRUE,TRUE,FALSE,Market Conditions - VIX,continuous,"VIX intraday bar open at time_opened (same-day, at entry timestamp)",trades.trade_data,Primary: market.intraday (VIX) 2024-09-03+. Fallback: OO trade log CSV custom VIX column if present. Blank pre-2024-09 unless OO CSV has VIX column.,VIX at entry time,True 'VIX at this moment' — matches OO's per-trade VIX reading at the entry timestamp,Preferred over VIX_Close (prior day) and VIX_Trade (prior-day open) for entry-signal analysis when intraday VIX is available.,Intraday lookup + OO CSV fallback,VIX level captured at the trade's entry timestamp. More precise than prior-day close for intraday entries. Calc: market.intraday VIX 15-min bar open at time_opened; OO-CSV 'Opening VIX' fallback for dates before 2024-09-03.
5,VIX Prior Range High,VIX PriorH,VIX_High,A: Volatility,FALSE,TRUE,,TRUE,FALSE,FALSE,FALSE,Market Conditions - VIX,continuous,VIX_High / VIX_Low,market.daily (VIX),Prior day VIX range,Not available,Not available,VIX High/Low r > 0.99 with VIX_Close. Redundant with VIX level.,,"VIX daily high, prior session. Peak intraday vol the day before entry. Calc: max of VIX session bars, prior day.

Top correlates: VIX_Close 0.99."
6,VIX Prior Range Low,VIX PriorL,VIX_Low,A: Volatility,FALSE,TRUE,,TRUE,FALSE,FALSE,FALSE,Market Conditions - VIX,continuous,VIX_High / VIX_Low,market.daily (VIX),Prior day VIX range,Not available,Not available,VIX High/Low r > 0.99 with VIX_Close. Redundant with VIX level.,,"VIX daily low, prior session. Trough intraday vol the day before entry. Calc: min of VIX session bars, prior day.

Top correlates: VIX_Close 0.99."
7,VIX IV Rank,IVR,VIX_IVR,B: Relative Volatility,FALSE,TRUE,,TRUE,TRUE,TRUE,FALSE,Market Conditions - VIX,continuous,VIX_IVR,market.daily (VIX),IV Rank; prior day lag,Not available,Not available,r = 0.84 with VIX_IVP. Partially overlaps VIX level (r ~0.65) but adds ranking dimension.,,"VIX Implied Volatility Rank — where current VIX sits on the 0-100 scale between its 252-day min and max. 100 = at the yearly high. Calc: (VIX_Close − min_252) / (max_252 − min_252) × 100.

Top correlates: VIX_IVP 0.84, VIX_Close 0.65, Vol_Regime 0.65."
8,VIX IV Percentile,IVP,VIX_IVP,B: Relative Volatility,FALSE,TRUE,,TRUE,TRUE,TRUE,TRUE,Market Conditions - VIX,continuous,VIX_IVP,market.daily (VIX),IV Percentile; prior day lag,Not available,Not available,r = 0.84 with VIX_IVR. Near-redundant within group; pick one.,,"VIX Implied Volatility Percentile — rank of current VIX vs trailing 252-day history. Unlike IVR this accounts for distribution shape, not just range. Calc: percentile_rank(VIX_Close, window=252).

Top correlates: VIX_IVR 0.84, Vol_Regime 0.57, VIX_Close 0.53."
9,VIX9D Market Open,VIX9D Open,VIX9D_Open,A: Volatility,FALSE,TRUE,,TRUE,TRUE,TRUE,FALSE,Market Conditions - VIX,continuous,VIX9D_Open,market.daily (VIX9D),Same-day open,Not available,Not available,VIX9D_Close r = 0.97 with VIX. IVR/IVP components overlap Group B.,,"VIX9D (9-day VIX) open, prior session. Shorter-horizon implied vol — more reactive than 30-day VIX. Calc: VIX9D daily open, prior session."
10,VIX9D Prior Close,VIX9D PrC,VIX9D_Close,A: Volatility,FALSE,TRUE,,TRUE,TRUE,TRUE,FALSE,Market Conditions - VIX,continuous,VIX9D_Close,market.daily (VIX9D),Prior day lag,Not available,Not available,VIX9D_Close r = 0.97 with VIX. IVR/IVP components overlap Group B.,,"VIX9D (9-day VIX) close, prior session. Shorter-horizon implied vol; useful for term-structure reads. Calc: VIX9D daily close, prior session.

Top correlates: VIX_Close 0.97, VIX3M_Close 0.90, VIX9D_IVR 0.73."
11,VIX9D IV Rank,VIX9D IVR,VIX9D_IVR,B: Relative Volatility,FALSE,TRUE,,TRUE,FALSE,FALSE,FALSE,Market Conditions - VIX,continuous,ivr,market.daily (VIX9D),Prior day lag,,,VIX9D_IVR r ~ 0.84 with VIX9D_IVP. Short-term IV ranking.,,"VIX9D Implied Volatility Rank over 252-day window. Short-horizon-vol position in its own range. Calc: (VIX9D_Close − min_252) / (max_252 − min_252) × 100.

Top correlates: VIX9D_IVP 0.74, VIX9D_Close 0.73."
12,VIX9D IV Percentile,VIX9D IVP,VIX9D_IVP,B: Relative Volatility,FALSE,TRUE,,TRUE,FALSE,FALSE,FALSE,Market Conditions - VIX,continuous,ivp,market.daily (VIX9D),Prior day lag,,,VIX9D_IVP r ~ 0.84 with VIX9D_IVR. Short-term IV percentile.,,"VIX9D Implied Volatility Percentile over 252-day window. Short-horizon-vol rank by distribution. Calc: percentile_rank(VIX9D_Close, window=252).

Top correlates: VIX9D_IVR 0.74, VIX9D_Close 0.63."
13,VIX3M Market Open,VIX3M Open,VIX3M_Open,A: Volatility,FALSE,TRUE,,TRUE,TRUE,TRUE,FALSE,Market Conditions - VIX,continuous,VIX3M_Open,market.daily (VIX3M),3-month VIX open; same day,Not available,Not available,VIX3M r = 0.98 with VIX. Redundant with VIX level.,,"VIX3M (3-month VIX) open, prior session. Longer-horizon implied vol — slower-moving baseline for term-structure comparisons. Calc: VIX3M daily open, prior session."
14,VIX3M Prior Close,VIX3M PriorC,VIX3M_Close,A: Volatility,FALSE,TRUE,,TRUE,TRUE,TRUE,FALSE,Market Conditions - VIX,continuous,VIX3M_Close,market.daily (VIX3M),Prior day lag,,,,,"VIX3M (3-month VIX) close, prior session. Longer-horizon implied vol; denominator for term-structure ratios. Calc: VIX3M daily close, prior session.

Top correlates: VIX_Close 0.98, VIX9D_Close 0.90, VIX3M_IVR 0.58."
15,VIX3M IVR,VIX3M IVR,VIX3M_IVR,B: Relative Volatility,FALSE,TRUE,,TRUE,FALSE,FALSE,FALSE,Market Conditions - VIX,continuous,ivr,market.daily (VIX3M),Prior day lag,,,,,"VIX3M Implied Volatility Rank over 252-day window. Long-horizon-vol position in its own range. Calc: (VIX3M_Close − min_252) / (max_252 − min_252) × 100.

Top correlates: VIX3M_IVP 0.87, VIX3M_Close 0.58."
16,VIX3M IVP,VIX3M IVP,VIX3M_IVP,B: Relative Volatility,FALSE,TRUE,,TRUE,FALSE,FALSE,FALSE,Market Conditions - VIX,continuous,ivp,market.daily (VIX3M),Prior day lag,,,,,"VIX3M Implied Volatility Percentile over 252-day window. Long-horizon-vol rank by distribution. Calc: percentile_rank(VIX3M_Close, window=252).

Top correlates: VIX3M_IVR 0.87, VIX3M_Close 0.49."
17,VIX9D/VIX Ratio,9D/VIX,VIX9D_VIX_Ratio,F: Term Structure,TRUE,TRUE,,TRUE,TRUE,TRUE,TRUE,Market Conditions - VIX,continuous,VIX9D_Open / VIX_Open,market.daily (VIX9D / VIX),Computed ratio; open = same day / close = prior day,Ratio threshold,Short-term vs longer-term vol ratio,Captures short-term vol premium. Weakly correlated with VIX level; independent signal.,VIX9D open / VIX open,"Term-structure gauge. Values <1 = contango (short-horizon vol below spot), >1 = backwardation (short-term stress). Calc: VIX9D_Close / VIX_Close."
18,VIX term structure state,Term Str,Term_Structure_State,F: Term Structure,FALSE,TRUE,,TRUE,TRUE,TRUE,FALSE,Market Conditions - VIX,categorical,Term_Structure_State,market._context_derived,Contango / backwardation / flat; prior day lag,Not available,Not available,r = -0.39 with VIX. Independent signal capturing forward vol expectations.,,"Term-structure categorical: -1 backwardation, 0 flat, 1 contango. Coarse risk-on vs risk-off vol signal. Calc: sign(VIX3M_Close − VIX_Close) with a flat band around zero.

Top correlates: VIX_IVR -0.55, VIX_IVP -0.47, VIX_Close -0.39."
19,Volatility regime,Vol Regime,Vol_Regime,A: Volatility,FALSE,TRUE,,TRUE,TRUE,TRUE,FALSE,Market Conditions - VIX,categorical,Vol_Regime,market._context_derived,VIX-based regime bucket; prior day lag,Not available,Not available,r = 0.87 with VIX_Close. Discretized VIX level; near-redundant.,,"Six-bucket categorical VIX regime (1=Very Low <13, 2=Low 13-16, 3=Normal 16-20, 4=Elevated 20-25, 5=High 25-30, 6=Extreme >30). Coarse-grained regime filter. Calc: bucketed prior-day VIX_Close per fixed thresholds.

Top correlates: VIX_Close 0.87, VIX_IVR 0.65, VIX_IVP 0.57."
20,VIX spike magnitude,VIX Spike,VIX_Spike_Pct,G: VIX Event,FALSE,TRUE,,TRUE,TRUE,TRUE,FALSE,Market Conditions - VIX,continuous,VIX_Spike_Pct,market._context_derived,VIX spike %; prior day lag,Not available,Not available,r = 0.21 with VIX level. Captures regime-break events independent of level.,,"VIX max intraday spike vs prior close, prior session. Captures vol shocks not visible in close-to-close stats. Calc: (VIX_High − prev_close) / prev_close × 100.

Top correlates: Vol_Regime 0.21, VIX_Close 0.21, Gap_Pct -0.14."
21,ATR as % of price,ATR%,ATR_Pct,A: Volatility,FALSE,TRUE,,TRUE,TRUE,TRUE,FALSE,Market Conditions - Underlying,continuous,ATR_Pct,market.daily (SPX),Prior day lag,Not available,Not available,"r = 0.94 with VIX_Close, 0.96 with RV20. Near-redundant with VIX level.",,"14-day Average True Range as % of underlying price. Realized-vol proxy — captures actual recent movement, not implied. Calc: Wilder ATR(14) / close × 100.

Top correlates: Realized_Vol_20D 0.96, VIX_Close 0.94, Realized_Vol_5D 0.84."
22,5-day realized volatility,RV5D,Realized_Vol_5D,A: Volatility,FALSE,TRUE,,TRUE,TRUE,TRUE,FALSE,Market Conditions - Underlying,continuous,Realized_Vol_5D,market.daily (SPX),Prior day lag,Not available,Not available,"r = 0.82 with VIX, 0.84 with ATR. Shorter lookback captures recent vol bursts.",,"5-day realized (historical) volatility on the underlying, annualized. Short-horizon realized-move proxy. Calc: stdev(log_returns, 5) × sqrt(252) × 100.

Top correlates: ATR_Pct 0.84, Realized_Vol_20D 0.83, VIX_Close 0.82."
23,20-day realized volatility,RV20D,Realized_Vol_20D,A: Volatility,FALSE,TRUE,,TRUE,TRUE,TRUE,FALSE,Market Conditions - Underlying,continuous,Realized_Vol_20D,market.daily (SPX),Prior day lag,Not available,Not available,"r = 0.88 with VIX, 0.96 with ATR. Near-redundant with ATR and VIX.",,"20-day realized (historical) volatility on the underlying, annualized. Longer-horizon realized-move proxy. Calc: stdev(log_returns, 20) × sqrt(252) × 100.

Top correlates: ATR_Pct 0.96, VIX_Close 0.88, Realized_Vol_5D 0.83."
24,Prior day intraday range,Intra Rng,Intraday_Range_Pct,A: Volatility,FALSE,TRUE,,TRUE,TRUE,TRUE,FALSE,Market Conditions - Underlying,continuous,Intraday_Range_Pct,market.daily (SPX),Prior day lag,Not available,Not available,"r = 0.79 with VIX, 0.77 with ATR. Redundant with VIX / ATR cluster.",,"Prior session's high-low range as % of close. Pure intraday-volatility measurement, no overnight. Calc: (High − Low) / Close × 100, prior session.

Top correlates: VIX_Close 0.79, Realized_Vol_5D 0.78, ATR_Pct 0.77."
25,RSI momentum filter,RSI,RSI_14,C: Momentum / Trend,TRUE,TRUE,,TRUE,TRUE,TRUE,FALSE,Market Conditions - Underlying,continuous,RSI_14,market.daily (SPX),Prior day lag,Min/max RSI (0-100),14-day rolling minute RSI,"r = 0.83 with EMA21, 0.80 with SMA50. Central momentum proxy; pick RSI or MA position.",,"14-day Wilder Relative Strength Index on the underlying. Classic momentum oscillator; <30 oversold, >70 overbought. Calc: Wilder RSI(14) on daily closes.

Top correlates: Price_vs_EMA21_Pct 0.83, Price_vs_SMA50_Pct 0.80, Return_20D 0.74."
26,Price vs SMA 5,SMA 5,SMA_5,C: Momentum / Trend,TRUE,TRUE,,TRUE,TRUE,TRUE,FALSE,Market Conditions - Underlying,continuous,Price_vs_SMA5_Pct,market.daily (underlying),Daily SMA; prior day lag. OO range: 2-200 days. % = (underlying open - SMA) / SMA. Positive = price above SMA.,SMA period=5; above/below/crossover,"Price at trade open relative to 5-day SMA. Triggers: above, below, or crossover between two SMAs.",Daily SMA 5. Adjacent SMAs (e.g. 10 vs 20) are highly correlated; space periods apart for independence.,(underlying_open - SMA(5d close)) / SMA(5d close) * 100,"5-day simple moving average of the underlying. Very short-term trend level. Calc: mean(close, 5). Reported by the pipeline as Price_vs_SMA5_Pct (percent distance of close from the MA)."
27,Price vs SMA 10,SMA 10,SMA_10,C: Momentum / Trend,TRUE,TRUE,,TRUE,TRUE,TRUE,FALSE,Market Conditions - Underlying,continuous,Price_vs_SMA10_Pct,market.daily (underlying),Daily SMA; prior day lag. OO range: 2-200 days. % = (underlying open - SMA) / SMA. Positive = price above SMA.,SMA period=10; above/below/crossover,"Price at trade open relative to 10-day SMA. Triggers: above, below, or crossover between two SMAs.",Daily SMA 10. Adjacent SMAs (e.g. 10 vs 20) are highly correlated; space periods apart for independence.,(underlying_open - SMA(10d close)) / SMA(10d close) * 100,"10-day simple moving average of the underlying. Short-term trend level. Calc: mean(close, 10). Reported as Price_vs_SMA10_Pct."
28,Price vs SMA 20,SMA 20,SMA_20,C: Momentum / Trend,TRUE,TRUE,,TRUE,TRUE,TRUE,FALSE,Market Conditions - Underlying,continuous,Price_vs_SMA20_Pct,market.daily (underlying),Daily SMA; prior day lag. OO range: 2-200 days. % = (underlying open - SMA) / SMA. Positive = price above SMA.,SMA period=20; above/below/crossover,"Price at trade open relative to 20-day SMA. Triggers: above, below, or crossover between two SMAs.",Daily SMA 20. Adjacent SMAs (e.g. 10 vs 20) are highly correlated; space periods apart for independence.,(underlying_open - SMA(20d close)) / SMA(20d close) * 100,"20-day simple moving average of the underlying. Monthly trend level. Calc: mean(close, 20). Reported as Price_vs_SMA20_Pct."
29,Price vs SMA 50,SMA 50,SMA_50,C: Momentum / Trend,TRUE,TRUE,,TRUE,TRUE,TRUE,FALSE,Market Conditions - Underlying,continuous,Price_vs_SMA50_Pct,market.daily (underlying),Daily SMA; prior day lag. OO range: 2-200 days. % = (underlying open - SMA) / SMA. Positive = price above SMA.,SMA period=50; above/below/crossover,"Price at trade open relative to 50-day SMA. Triggers: above, below, or crossover between two SMAs.",Daily SMA 50. Adjacent SMAs (e.g. 10 vs 20) are highly correlated; space periods apart for independence.,(underlying_open - SMA(50d close)) / SMA(50d close) * 100,"50-day simple moving average of the underlying. Medium-term trend level; classic swing-trader reference. Calc: mean(close, 50). Reported as Price_vs_SMA50_Pct."
30,Price vs SMA 200,SMA 200,SMA_200,C: Momentum / Trend,TRUE,TRUE,,TRUE,TRUE,TRUE,FALSE,Market Conditions - Underlying,continuous,Price_vs_SMA200_Pct,market.daily (underlying),Daily SMA; prior day lag. OO range: 2-200 days. % = (underlying open - SMA) / SMA. Positive = price above SMA.,SMA period=200; above/below/crossover,"Price at trade open relative to 200-day SMA. Triggers: above, below, or crossover between two SMAs.",Daily SMA 200. Adjacent SMAs (e.g. 10 vs 20) are highly correlated; space periods apart for independence.,(underlying_open - SMA(200d close)) / SMA(200d close) * 100,"200-day simple moving average of the underlying. Long-term bull/bear divider. Calc: mean(close, 200). Reported as Price_vs_SMA200_Pct."
31,Price vs EMA 5min,EMA 5m,EMA_5m,C: Momentum / Trend,TRUE,FALSE,,TRUE,TRUE,TRUE,FALSE,Market Conditions - Underlying,continuous,,,Intraday minute EMA; OO range: 5-50 min. % = (underlying open - EMA) / EMA. Positive = price above EMA. Requires minute bars.,EMA period=5min; above/below/crossover,"Price at trade open relative to 5-minute EMA. Triggers: above, below, or crossover between two EMAs.","Intraday EMA 5min. Different timeframe from daily SMA — captures intraday momentum, not multi-day trend.",(underlying_open - EMA(5m)) / EMA(5m) * 100,5-minute exponential moving average of the underlying (intraday). Calc: EMA on 5-min bars at time_opened. Requires intraday bar data (skipped when not available).
32,Price vs EMA 13min,EMA 13m,EMA_13m,C: Momentum / Trend,TRUE,FALSE,,TRUE,TRUE,TRUE,FALSE,Market Conditions - Underlying,continuous,,,Intraday minute EMA; OO range: 5-50 min. % = (underlying open - EMA) / EMA. Positive = price above EMA. Requires minute bars.,EMA period=13min; above/below/crossover,"Price at trade open relative to 13-minute EMA. Triggers: above, below, or crossover between two EMAs.","Intraday EMA 13min. Different timeframe from daily SMA — captures intraday momentum, not multi-day trend.",(underlying_open - EMA(13m)) / EMA(13m) * 100,13-minute exponential moving average of the underlying (intraday). Calc: EMA on 13-min bars at time_opened. Requires intraday bar data.
33,Price vs EMA 21min,EMA 21m,EMA_21m,C: Momentum / Trend,TRUE,FALSE,,TRUE,TRUE,TRUE,FALSE,Market Conditions - Underlying,continuous,,,Intraday minute EMA; OO range: 5-50 min. % = (underlying open - EMA) / EMA. Positive = price above EMA. Requires minute bars.,EMA period=21min; above/below/crossover,"Price at trade open relative to 21-minute EMA. Triggers: above, below, or crossover between two EMAs.","Intraday EMA 21min. Different timeframe from daily SMA — captures intraday momentum, not multi-day trend.",(underlying_open - EMA(21m)) / EMA(21m) * 100,21-minute exponential moving average of the underlying (intraday). Calc: EMA on 21-min bars at time_opened. Requires intraday bar data.
34,Price vs EMA 50min,EMA 50m,EMA_50m,C: Momentum / Trend,TRUE,FALSE,,TRUE,TRUE,TRUE,FALSE,Market Conditions - Underlying,continuous,,,Intraday minute EMA; OO range: 5-50 min. % = (underlying open - EMA) / EMA. Positive = price above EMA. Requires minute bars.,EMA period=50min; above/below/crossover,"Price at trade open relative to 50-minute EMA. Triggers: above, below, or crossover between two EMAs.","Intraday EMA 50min. Different timeframe from daily SMA — captures intraday momentum, not multi-day trend.",(underlying_open - EMA(50m)) / EMA(50m) * 100,50-minute exponential moving average of the underlying (intraday). Calc: EMA on 50-min bars at time_opened. Requires intraday bar data.
35,5-day trailing return,Ret5D,Return_5D,C: Momentum / Trend,FALSE,TRUE,,TRUE,TRUE,TRUE,FALSE,Market Conditions - Underlying,continuous,Return_5D,market.daily (SPX),Prior day lag,Not available,Not available,"r = 0.76 with EMA21, 0.59 with RSI. Short-term directional signal.",,"5-day trailing return on the underlying, %. Short-term momentum. Calc: (close_today − close_5d_ago) / close_5d_ago × 100.

Top correlates: Price_vs_EMA21_Pct 0.76, RSI_14 0.59, Return_20D 0.47."
36,20-day trailing return,Ret20D,Return_20D,C: Momentum / Trend,FALSE,TRUE,,TRUE,TRUE,TRUE,FALSE,Market Conditions - Underlying,continuous,Return_20D,market.daily (SPX),Prior day lag,Not available,Not available,"r = 0.86 with SMA50, 0.74 with RSI. Medium-term directional signal.",,"20-day trailing return on the underlying, %. Monthly momentum. Calc: (close_today − close_20d_ago) / close_20d_ago × 100.

Top correlates: Price_vs_SMA50_Pct 0.86, RSI_14 0.74, VIX_Close -0.47."
37,Close position in day's range,Close Pos,Close_Position_In_Range,C: Momentum / Trend,FALSE,TRUE,,TRUE,TRUE,TRUE,FALSE,Market Conditions - Underlying,continuous,Close_Position_In_Range,market.daily (SPX),Prior day lag,Not available,Not available,"r = 0.71 with Intra_Return, 0.33 with RSI. Blends momentum and price action.",,"Prior-day close position within prior-day's high-low range, 0 to 1. 1 = closed at high, 0 = closed at low. Calc: (close − low) / (high − low), prior session.

Top correlates: Intraday_Return_Pct 0.71, RSI_14 0.33, VIX_Close -0.14."
38,Consecutive up/down days,Consec,Consecutive_Days,C: Momentum / Trend,FALSE,TRUE,,TRUE,TRUE,TRUE,FALSE,Market Conditions - Underlying,continuous,Consecutive_Days,market.daily (SPX),Prior day lag,Not available,Not available,"r = 0.46 with Ret5D, 0.43 with RSI. Streak-based momentum proxy.",,"Signed count of consecutive same-direction close-to-close days. Positive = up streak, negative = down streak. Calc: signed runs of sign(close_t − close_t-1).

Top correlates: Return_5D 0.46, RSI_14 0.43, VIX_Close -0.17."
39,Underlying gap or move from open,Gap,Gap_Pct,D: Daily Price Action,TRUE,TRUE,,TRUE,TRUE,TRUE,FALSE,Market Conditions - Underlying,continuous,Gap_Pct,market.daily (SPX),Open-known same day,Points or % from open,Gap / intraday move filter,Largely independent (r = -0.08 with Prev_Return). Unique same-day signal.,,"Overnight gap in the underlying, as % of prior close. Captures pre-market sentiment shock. Calc: (today_open − prev_close) / prev_close × 100.

Top correlates: VIX_Spike_Pct -0.14, VIX_Close -0.12, Prev_Return_Pct -0.08."
40,Opening range breakout,ORB,,D: Daily Price Action,TRUE,TRUE,,TRUE,FALSE,FALSE,FALSE,Market Conditions - Underlying,continuous,ORB High / Low / Range,market.intraday (SPX),Computed from intraday bars (e.g. 9:30-9:45),Range period + direction,Enter only when price breaks opening range,Intraday price structure. Independent of daily market fields.,Requires intraday data,Opening Range Breakout — entry gated on the underlying breaking out of the first N minutes' high/low on the open. Calc: platform-level execution filter in OO; not represented as a CSV column in TB so cannot be analyzed via the sweep / heatmap.
41,Opening range non-breakout,ORB-No,,D: Daily Price Action,TRUE,TRUE,,TRUE,FALSE,FALSE,FALSE,Market Conditions - Underlying,continuous,ORB High / Low / Range,market.intraday (SPX),Computed from intraday bars,Range period,Enter only when price stays within opening range,Inverse of ORB breakout. Independent of daily market fields.,Requires intraday data,Opening Range Breakout-No — entry gated on the underlying NOT breaking out of the opening range. Calc: platform-level execution filter in OO; not represented as a CSV column in TB.
42,Prior day intraday return,Intra Ret,Intraday_Return_Pct,D: Daily Price Action,FALSE,TRUE,,TRUE,TRUE,TRUE,FALSE,Market Conditions - Underlying,continuous,Intraday_Return_Pct,market.daily (SPX),Prior day lag,Not available,Not available,r = 0.71 with Close_In_Range. Captures daily directional outcome.,,"Prior session's intraday return (open to close), %. Separates overnight gap from intraday drift. Calc: (close − open) / open × 100, prior session.

Top correlates: Close_Position_In_Range 0.71, Prev_Return_Pct -0.11."
43,Gap fill indicator,Gap Fill,Gap_Filled,D: Daily Price Action,FALSE,TRUE,,TRUE,TRUE,TRUE,FALSE,Market Conditions - Underlying,binary,Gap_Filled,market.daily (SPX),Prior day lag,Not available,Not available,Near-zero correlation with all fields (r < 0.03). Fully independent binary signal.,,"Binary: did the prior session fill its overnight gap? 1 = gap range traversed intraday, 0 = didn't. Calc: indicator that gap-close range was touched.

Top correlates: VIX_Close -0.02, Intraday_Range_Pct -0.02, Gap_Pct 0.01 (essentially uncorrelated with everything)."
44,Prior day return,Prev Ret,Prev_Return_Pct,D: Daily Price Action,FALSE,TRUE,,TRUE,TRUE,TRUE,FALSE,Market Conditions - Underlying,continuous,Prev_Return_Pct,market.daily (SPX),Open-known same day,Not available,Not available,r = -0.08 with Gap_Pct. Largely independent single-day signal.,,"Prior session's close-to-close return, %. Full-day momentum from the previous session. Calc: (close_t-1 − close_t-2) / close_t-2 × 100.

Top correlates: VIX_Close -0.11, Intraday_Return_Pct -0.11, Gap_Pct -0.08."
45,Prior range relative to ATR,Rng/ATR,Prior_Range_vs_ATR,D: Daily Price Action,FALSE,TRUE,,TRUE,TRUE,TRUE,FALSE,Market Conditions - Underlying,continuous,Prior_Range_vs_ATR,market.daily (SPX),Open-known same day,Not available,Not available,"r = 0.04 with ATR, 0.21 with Intra_Range. Normalized range; largely independent.",,"Prior session's high-low range divided by 14-day ATR. >1 = unusually wide day, <1 = quiet day. Calc: (prev_High − prev_Low) / ATR(14).

Top correlates: Intraday_Range_Pct 0.21, ATR_Pct 0.04."
46,Day of week,DoW,Day_of_Week,E: Calendar,TRUE,TRUE,,TRUE,TRUE,TRUE,FALSE,Market Conditions - Calendar,categorical,Day_of_Week,market.daily (SPX),1=Mon ... 5=Fri; static,Day selection checkboxes,Select which days to trade,Independent of all market fields (r < 0.02). Structural calendar effect.,,"Day of week at entry. 1=Mon, 2=Tue, 3=Wed, 4=Thu, 5=Fri. Calc: weekday(date_opened).

Top correlates: Is_Opex 0.31, Month -0.02, VIX_Close -0.01."
47,Calendar month,Month,Month,E: Calendar,TRUE,TRUE,,TRUE,TRUE,TRUE,FALSE,Market Conditions - Calendar,categorical,Month,market.daily (SPX),Static,Not available,future blackout dates ,Independent of all market fields (r < 0.03). Seasonal structure.,,"Calendar month at entry, 1-12. Seasonal filter. Calc: month(date_opened).

Top correlates: VIX_Close 0.02, Day_of_Week -0.02, Is_Opex 0.00 (essentially independent of other fields)."
48,Options expiration flag,OpEx,Is_Opex,E: Calendar,TRUE,TRUE,,TRUE,TRUE,TRUE,FALSE,Market Conditions - Calendar,binary,Is_Opex,market.daily (SPX),OpEx week/day flag; static,Not available,future blackout dates ,r = 0.31 with DoW (OpEx = Fri). Structural expiration cycle effect.,,"Binary: 1 if entry date is on or within 1 day of monthly equity-options expiration (3rd Friday), else 0. Calc: indicator over monthly OpEx window.

Top correlates: Day_of_Week 0.31, VIX_Close -0.00, Month 0.00."
49,Days to Holiday,DaytH,Days_to_Holiday,E: Calendar,FALSE,FALSE,,TRUE,FALSE,FALSE,FALSE,Market Conditions - Calendar,categorical,,,Enrichment skill column; not a direct TB/OO field,,future blackout dates ,,uses skill to embelish entry filter data from market calendar,Calendar days until the next US market holiday (including early-close days). 0 = today is a holiday or early-close. Calc: (next_holiday_date − date_opened).days using NYSE holiday calendar.
50,Days from Holiday,DayfH,Days_from_Holiday,E: Calendar,FALSE,FALSE,,TRUE,FALSE,FALSE,FALSE,Market Conditions - Calendar,categorical,,,Enrichment skill column; not a direct TB/OO field,,future blackout dates ,,,Calendar days since the most recent US market holiday (including early-close days). 0 = today is a holiday or early-close. Calc: (date_opened − prev_holiday_date).days using NYSE holiday calendar.
51,Weeks to Holiday,WeektH,Weeks_to_Holiday,E: Calendar,FALSE,FALSE,,TRUE,TRUE,TRUE,FALSE,Market Conditions - Calendar,categorical,,,Enrichment skill column; not a direct TB/OO field,,future blackout dates ,,,Whole weeks until the next US market holiday. 0 = holiday-week. Useful as an exclusion filter (!= 0) to skip holiday distortions. Calc: floor(Days_to_Holiday / 7).
52,Weeks from Holiday,WeekfH,Weeks_from_Holiday,E: Calendar,FALSE,FALSE,,TRUE,TRUE,TRUE,FALSE,Market Conditions - Calendar,categorical,,,Enrichment skill column; not a direct TB/OO field,,future blackout dates ,,,Whole weeks since the most recent US market holiday. 0 = holiday-week. Useful as an exclusion filter (!= 0). Calc: floor(Days_from_Holiday / 7).
53,Short-to-long premium ratio,SLR,SLR,H: Premium & Structure,TRUE,TRUE,,TRUE,TRUE,TRUE,TRUE,Premium & Structure,continuous,Derived from legs regex,trades.trade_data,Computed: P STO + C STO / P BTO + C BTO,Min ratio threshold,SUM(STO prices) / SUM(BTO prices),Trade-specific; not market-condition-based. Independent by definition.,STO legs sum / BTO legs sum from regex,Short-to-Long premium Ratio — structural quality gate for calendar/DC trades. Higher = more relative value captured by the short legs at entry. Calc: sum(STO leg premium) / sum(BTO leg premium) at entry.
54,Premium per Contract,Credit,premium_per_contract,H: Premium & Structure,TRUE,TRUE,,TRUE,TRUE,TRUE,FALSE,Premium & Structure,continuous,premium / num_contracts,trades.trade_data,Per-contract credit normalization,Min/max net credit,Net premium collected per contract,Trade-specific. Correlated with VIX (higher vol -> richer premium) but measured at trade level.,premium / num_contracts,"Per-1-lot net premium at entry, in price units (notional/100). Negative = debit paid, positive = credit received (matches OO's db/cr labels). Calc: sum(qty × signed_leg_price) / num_contracts from OO trade log; anti-correlated r=-1.00 with margin_per_contract."
55,Margin per Contract,Margin,margin_per_contract,H: Premium & Structure,FALSE,TRUE,,TRUE,TRUE,TRUE,TRUE,Premium & Structure,continuous,margin_req / num_contracts,trades.trade_data,Per-contract margin normalization,Not available,Not available,"Trade-specific. Driven by wing width and underlying price, not market regime.",margin_req / num_contracts,"Margin required per 1-lot of the structure at entry, in dollars. Higher = wider spreads or more vol-sensitive structure. Calc: margin_req / num_contracts from OO trade log; anti-correlated r=-1.00 with premium_per_contract."
56,DC Short Put  Premium,Short P Prem,SP_Prem,H: Premium & Structure,FALSE,FALSE,,TRUE,FALSE,FALSE,FALSE,Premium & Structure,,,,,,,,,"Short-put leg entry premium, price units (positive = credit collected). Requires per-leg OO export with Short Put premium column. Calc: short-put entry price from leg-level data."
57,DC Long Put Premium,Long P Prem,LP_Prem,H: Premium & Structure,FALSE,FALSE,,TRUE,FALSE,FALSE,FALSE,Premium & Structure,,,,,,,,,"Long-put leg entry premium, price units (negative = debit paid). Requires per-leg OO export with Long Put premium column. Calc: long-put entry price from leg-level data."
58,DC Short Call Premium,Short C Prem,SC_Prem,H: Premium & Structure,FALSE,FALSE,,TRUE,FALSE,FALSE,FALSE,Premium & Structure,,,,,,,,,"Short-call leg entry premium, price units (positive = credit collected). Requires per-leg OO export with Short Call premium column. Calc: short-call entry price from leg-level data."
59,DC Long Call Premium,Long C Prem,LC_Prem,H: Premium & Structure,FALSE,FALSE,,TRUE,FALSE,FALSE,FALSE,Premium & Structure,,,,,,,,,"Long-call leg entry premium, price units (negative = debit paid). Requires per-leg OO export with Long Call premium column. Calc: long-call entry price from leg-level data."
60,VIX at Trade Close Time,VIX@Close,VIX_at_Close,A: Volatility,FALSE,TRUE,,FALSE,FALSE,FALSE,FALSE,Market Conditions - VIX,continuous,VIX intraday bar open at time_closed (same-day close time),trades.trade_data,Primary: market.intraday (VIX) 2024-09-03+. Fallback: OO trade log CSV custom column. Used for exit attribution / post-entry VIX move analysis — not an entry filter.,"VIX at close time (post-entry, not an entry filter)",For exit-attribution studies,Exit-time VIX. Flip Report flags TRUE if wanted in heatmap views.,Intraday lookup + OO CSV fallback,"VIX level captured at the trade's close timestamp. Exit-time data — for exit-attribution analysis, NOT a valid entry filter. Calc: market.intraday VIX bar at time_closed; OO-CSV 'Closing VIX' fallback."
61,Intraday Move %,Intra Mv%,Intra_Move_Pct,D: Daily Price Action,TRUE,TRUE,,TRUE,TRUE,TRUE,FALSE,Market Conditions - Underlying,continuous,(underlying bar open at time_opened - underlying daily open) / underlying daily open * 100,trades.trade_data,Primary: market.intraday (block's underlying ticker — SPX/QQQ/SPY/IWM/etc.). Fallback: OO trade log 'Movement' column (points) converted to pct via underlying daily open.,Points or % from RTH open,Matches OO's Movement entry filter (expressed as percentage for scale-consistency with Gap_Pct),Same-day intraday drift at entry time. Independent signal from Gap (= overnight). Positive = underlying has rallied from today's open; negative = sold off.,Intraday lookup + OO CSV fallback (points→pct conversion),"Same-day intraday drift from today's open to the trade's entry timestamp, %. Positive = rallied from open, negative = sold off. Scale-consistent version of OO's 'Movement' entry filter. Calc: (intraday_open_at_entry − daily_open) / daily_open × 100. Requires intraday bar data; OO 'Movement' fallback."
62,DIX SqueezeMetrics,DIX,DIX_SM,I: Dealer Hedging,FALSE,FALSE,,TRUE,TRUE,TRUE,FALSE,Dealer Hedging,continuous,,,,,,,,"The Dark Index (DIX) is a dollar-weighted measure of the Dark Pool Indicator (DPI) of the S&P 500 components. When the DIX is higher, market sentiment in dark pools is generally more bullish. When the DIX is lower, it is more bearish or uncertain."
63,GEX SqueezeMetrics,GET,GEX_SM,I: Dealer Hedging,TRUE,FALSE,,TRUE,TRUE,TRUE,FALSE,Dealer Hedging,continuous,,,,,,,,"Gamma Exposure (GEX) is a dollar-denominated measure of option market-makers' hedging obligations. When GEX is high, the option market is implying that volatility will be low. When GEX is low, volatility is high, and while we expect a choppy market, further losses are unlikely."